"Algorithm Name"	Type	"Graph Name"	"Average Time"	"Average Memory"	"Start Time"	"End Time"
"VectorVectorContainer"	ParallelInplace#2	"bn-human-BNU_1_0025889_session_2_130M.edges"	8903.84	9.68121e+08	2022-May-31 20:00:59.177919	2022-May-31 20:01:26.088708
"VectorVectorContainer"	ParallelInplace#2	"graph500-scale20-ef16_adj_30M.edges"	3836.48	2.28144e+08	2022-May-31 20:01:26.088804	2022-May-31 20:01:37.812226
"VectorVectorContainer"	ParallelInplace#2	"bn-human-Jung2015_M87118347_80M.edges"	3089.7	5.19473e+08	2022-May-31 20:01:37.812323	2022-May-31 20:01:47.160038
"VectorVectorContainer"	ParallelInplace#2	"socf-konect.edges"	7149.94	5.02862e+09	2022-May-31 20:01:47.160114	2022-May-31 20:02:10.779075
"VectorVectorContainer"	ParallelInplace#2	"socfb-UIllinois20.mtx"	261.348	9.31808e+06	2022-May-31 20:02:10.779167	2022-May-31 20:02:11.571668
"VectorVectorContainer"	ParallelInplace#2	"bn-human-BNU_1_0025913_session_2_180M.edges"	7753.5	1.20509e+09	2022-May-31 20:02:11.571843	2022-May-31 20:02:35.055865
"VectorVectorContainer"	ParallelInplace#2	"bn-human-BNU_1_0025916_session_1_110M.edges"	4771.09	7.91512e+08	2022-May-31 20:02:35.055942	2022-May-31 20:02:49.520748
"VectorVectorContainer"	ParallelInplace#2	"livejournal_160M.edges"	7316.15	1.20569e+09	2022-May-31 20:02:49.521006	2022-May-31 20:03:12.319424
"VectorVectorContainer"	ParallelInplace#2	"tech-ip.edges"	1004.98	3.43868e+08	2022-May-31 20:03:12.319504	2022-May-31 20:03:15.544024
"VectorVectorContainer"	ParallelInplace#2	"bn-800-19k.edges"	2.83367	158724	2022-May-31 20:03:15.544094	2022-May-31 20:03:15.552695
"VectorVectorContainer"	ParallelInplace#2	"soc-wiki-Talk-dir.mtx"	281.958	1.97701e+08	2022-May-31 20:03:15.552766	2022-May-31 20:03:16.439018
"VectorVectorContainer"	ParallelInplace#2	"bn-human-Jung2015_M87101049_190M.edges"	8116.72	1.26237e+09	2022-May-31 20:03:16.439098	2022-May-31 20:03:40.997680
"VectorVectorContainer"	ParallelInplace#2	"soc-orkut_106M.edges"	16502.7	8.15405e+08	2022-May-31 20:03:40.997758	2022-May-31 20:04:33.277317
"VectorVectorContainer"	ParallelInplace#2	"socfb-uci-uni_90M.edges"	18250.8	7.26437e+09	2022-May-31 20:04:33.280428	2022-May-31 20:05:35.785161
"VectorVectorContainer"	ParallelInplace#2	"soc-sinaweibo_260M.edges"	71814.2	7.8951e+09	2022-May-31 20:05:35.787672	2022-May-31 20:09:28.476994
"VectorVectorContainer"	ParallelInplace#2	"bn-7k-50k.edges"	2505.16	734524	2022-May-31 20:09:28.479255	2022-May-31 20:09:36.007206
"VectorVectorContainer"	ParallelInplace#2	"scc_fb-messages.mtx"	42.3693	3.17818e+06	2022-May-31 20:09:36.007421	2022-May-31 20:09:36.146958
"VectorVectorContainer"	ParallelInplace#2	"soc-orkut.edges"	4975.44	8.01688e+08	2022-May-31 20:09:36.147079	2022-May-31 20:09:51.842053
"VectorVectorContainer"	ParallelInplace#2	"bn-human-Jung2015_M87104509_50M.edges"	2173.86	4.37708e+08	2022-May-31 20:09:51.842147	2022-May-31 20:09:58.504768
"VectorVectorContainer"	ParallelInplace#2	"cit-patent1.edges"	1010.46	3.26323e+08	2022-May-31 20:09:58.504879	2022-May-31 20:10:01.757860
"VectorVectorContainer"	ParallelInplace#2	"bn-human-Jung2015_M87107781_70M.edges"	3051.55	5.73607e+08	2022-May-31 20:10:01.757970	2022-May-31 20:10:11.047743
"VectorVectorContainer"	ParallelInplace#2	"web-Stanford.mtx"	172.775	3.56071e+07	2022-May-31 20:10:11.047852	2022-May-31 20:10:11.624515
"VectorVectorContainer"	ParallelInplace#2	"bn-human-BNU_1_0025871_session_1-bg_170M.edges"	7193.57	1.11158e+09	2022-May-31 20:10:11.624739	2022-May-31 20:10:33.419714
"VectorVectorContainer"	ParallelInplace#2	"bn-human-BNU_1_0025876_session_2-bg_140M.edges"	5926.23	9.87e+08	2022-May-31 20:10:33.419809	2022-May-31 20:10:51.396666
"VectorVectorContainer"	ParallelInplace#2	"bn-human-Jung2015_M87117093_120M.edges"	5295.07	8.72591e+08	2022-May-31 20:10:51.396758	2022-May-31 20:11:07.461188
"VectorVectorContainer"	ParallelInplace#2	"data_files.txt"	1.07533	1200	2022-May-31 20:11:07.461286	2022-May-31 20:11:07.464522
"VectorVectorContainer"	ParallelInplace#2	"hugetric-00010_10M.mtx"	1764.98	7.76008e+08	2022-May-31 20:11:07.464667	2022-May-31 20:11:13.557748
"VectorVectorContainer"	ParallelInplace#2	"datafiles_par.txt"	1.09667	1200	2022-May-31 20:11:13.557851	2022-May-31 20:11:13.561151
"VectorVectorContainer"	ParallelInplace#2	"bn-human-Jung2015_M87101705_200M.edges"	8719.86	1.30709e+09	2022-May-31 20:11:13.561391	2022-May-31 20:11:39.954377
"VectorVectorContainer"	ParallelInplace#2	"tech-as-skitter.mtx"	646.74	1.40438e+08	2022-May-31 20:11:39.957422	2022-May-31 20:11:42.059862
"VectorVectorContainer"	ParallelInplace#2	"socfb-Texas84.mtx"	83.7313	1.13914e+07	2022-May-31 20:11:42.059957	2022-May-31 20:11:42.322248
"VectorVectorContainer"	ParallelInplace#2	"soc-pokec.mtx"	1090.49	2.16257e+08	2022-May-31 20:11:42.322511	2022-May-31 20:11:45.857987
"VectorVectorContainer"	ParallelInplace#2	"web-wikipedia2009.mtx"	387.851	1.58422e+08	2022-May-31 20:11:45.858107	2022-May-31 20:11:47.159410
"VectorVectorContainer"	ParallelInplace#2	"ca-hollywood-2009.edges"	2418	3.99948e+08	2022-May-31 20:11:47.159519	2022-May-31 20:11:54.573851
"VectorVectorContainer"	ParallelInplace#2	"soc-google-plus.txt"	121.424	3.1789e+07	2022-May-31 20:11:54.573952	2022-May-31 20:11:54.968984
"VectorVectorContainer"	ParallelInplace#2	"tech-as-skitter_10M.mtx"	650.268	1.40438e+08	2022-May-31 20:11:54.969251	2022-May-31 20:11:57.069386
"VectorVectorContainer"	ParallelInplace#2	"soc-orkut-dir_120M.edges"	5204.67	8.7866e+08	2022-May-31 20:11:57.069498	2022-May-31 20:12:13.204162
"VectorVectorContainer"	ParallelInplace#2	"bn-human-Jung2015_M87110148_140M.edges"	6106.99	1.01847e+09	2022-May-31 20:12:13.204272	2022-May-31 20:12:31.725959
"VectorVectorContainer"	ParallelInplace#2	"bn-human-Jung2015_M87113878.edges"	4313.88	6.6032e+08	2022-May-31 20:12:31.726054	2022-May-31 20:12:44.753731
"VectorVectorContainer"	ParallelInplace#2	"bn-human-Jung2015_M87104201_190M.edges"	8185.78	1.2628e+09	2022-May-31 20:12:44.753826	2022-May-31 20:13:09.523450
"VectorVectorContainer"	ParallelInplace#2	"bn-100k-662k.edges"	52.185	1.2116e+07	2022-May-31 20:13:09.526128	2022-May-31 20:13:09.689663
"VectorVectorContainer"	ParallelInplace#2	"bn-human-Jung2015_M87113679_60M.edges"	2705.74	5.2938e+08	2022-May-31 20:13:09.689878	2022-May-31 20:13:17.940564
"VectorVectorContainer"	ParallelInplace#2	"bn-65-1K.edges"	1.56567	11672	2022-May-31 20:13:17.940658	2022-May-31 20:13:17.945388
"VectorVectorContainer"	ParallelInplace#2	"bn-human-Jung2015_M87104300_70M.edges"	2923.78	5.85246e+08	2022-May-31 20:13:17.945570	2022-May-31 20:13:26.862905
"VectorVectorContainer"	ParallelInplace#2	"ca-IMDB.edges"	230.45	6.40467e+07	2022-May-31 20:13:26.862996	2022-May-31 20:13:27.653016
"VectorVectorContainer"	ParallelInplace#2	"bn-34k-181k.edges"	18.725	3.38136e+06	2022-May-31 20:13:27.653232	2022-May-31 20:13:27.711321
"VectorVectorContainer"	ParallelInplace#2	"data_files_test.txt"	0.351667	1200	2022-May-31 20:13:27.711403	2022-May-31 20:13:27.712468
"VectorVectorContainer"	ParallelInplace#2	"bn-human-Jung2015_M87112427_170M.edges"	7241.81	1.13409e+09	2022-May-31 20:13:27.712560	2022-May-31 20:13:49.637831
"VectorVectorContainer"	ParallelInplace#2	"socfb-Michigan23.mtx"	62.0407	8.81122e+06	2022-May-31 20:13:49.637926	2022-May-31 20:13:49.832544
"VectorVectorContainer"	ParallelInplace#2	"graph500-scale22-ef16_adj_130M.edges"	20106.9	9.17792e+08	2022-May-31 20:13:49.832770	2022-May-31 20:14:51.234134
"VectorVectorContainer"	ParallelInplace#2	"sc-ldoor_20M.edges"	1065.89	1.96527e+08	2022-May-31 20:14:51.236737	2022-May-31 20:14:54.627079
"VectorVectorContainer"	ParallelInplace#2	"bn-human-Jung2015_M7101234.edges"	2591.44	4.11658e+08	2022-May-31 20:14:54.627196	2022-May-31 20:15:02.460003
"VectorVectorContainer"	ParallelInplace#2	"delaunay_n24_50M.edges"	4840.18	1.58381e+09	2022-May-31 20:15:02.460097	2022-May-31 20:15:18.255480
"VectorVectorContainer"	ParallelInplace#2	"bn-human-Jung2015_M87118465_180M.edges"	7856.74	1.20304e+09	2022-May-31 20:15:18.257850	2022-May-31 20:15:42.026125
"VectorVectorContainer"	ParallelInplace#2	"bn-human-BNU_1_0025869_session_2-bg_150M.edges"	6406.01	1.02893e+09	2022-May-31 20:15:42.028238	2022-May-31 20:16:01.430729
"VectorVectorContainer"	ParallelInplace#2	"web-uk-2005.mtx"	501.186	7.67349e+07	2022-May-31 20:16:01.432876	2022-May-31 20:16:02.963400
"VectorVectorContainer"	ParallelInplace#2	"soc-livejournal.mtx"	1673.18	5.60416e+08	2022-May-31 20:16:02.963512	2022-May-31 20:16:08.244147
"VectorVectorContainer"	ParallelInplace#2	"bn-human-Jung2015_M8703600.edges"	2333.52	4.18059e+08	2022-May-31 20:16:08.244460	2022-May-31 20:16:15.385321
"VectorVectorContainer"	ParallelInplace#2	"bn-human-BNU_1_0025868_session_1-bg_150M.edges"	6480.09	1.02127e+09	2022-May-31 20:16:15.385425	2022-May-31 20:16:35.009884
"VectorVectorContainer"	ParallelInplace#2	"bn-human-Jung2015_M87125334_40M.edges"	1806.27	3.9585e+08	2022-May-31 20:16:35.009988	2022-May-31 20:16:40.547140
"VectorVectorContainer"	ParallelInplace#2	"bn-human-Jung2015_M87116523_80M.edges"	3144.81	4.80498e+08	2022-May-31 20:16:40.547246	2022-May-31 20:16:50.044632
"VectorVectorContainer"	ParallelInplace#2	"bn-human-Jung2015_M87127677_210M.edges"	8906.34	1.37187e+09	2022-May-31 20:16:50.044723	2022-May-31 20:17:16.972460
"VectorVectorContainer"	ParallelInplace#2	"bn-449k-3.3M.edges"	200.11	6.10743e+07	2022-May-31 20:17:16.972570	2022-May-31 20:17:17.603985
"VectorVectorContainer"	ParallelInplace#2	"bn-human-BNU_1_0025919_session_1.edges"	8641.25	1.32208e+09	2022-May-31 20:17:17.604123	2022-May-31 20:17:43.745654
"VectorVectorContainer"	ParallelInplace#2	"testfile.txt"	0.599333	1200	2022-May-31 20:17:43.747936	2022-May-31 20:17:43.749749
"VectorVectorContainer"	ParallelInplace#2	"C2000-9.edges"	71.4443	1.03272e+07	2022-May-31 20:17:43.749867	2022-May-31 20:17:43.964562
"VectorVectorContainer"	ParallelInplace#2	"datafiles_seq.txt"	1.31567	1200	2022-May-31 20:17:43.964771	2022-May-31 20:17:43.968731
"VectorVectorContainer"	ParallelInplace#2	"bn-human-Jung2015_M87114342_90M.edges"	3961.68	6.55023e+08	2022-May-31 20:17:43.969007	2022-May-31 20:17:56.012841
"VectorVectorContainer"	ParallelInplace#2	"bn-human-BNU_1_0025919_session_1_200M.edges"	8540.57	1.32208e+09	2022-May-31 20:17:56.012936	2022-May-31 20:18:21.866468
"VectorVectorContainer"	ParallelInplace#2	"socfb-B-anon_20M.edges"	3111.47	3.11516e+08	2022-May-31 20:18:21.866562	2022-May-31 20:18:31.845624
"VectorVectorContainer"	ParallelInplace#2	"bn-human-Jung2015_M87110650_40M.edges"	1842.24	4.14864e+08	2022-May-31 20:18:31.845733	2022-May-31 20:18:37.473715
"VectorVectorContainer"	ParallelInplace#2	"bn-human-Jung2015_M87125286_210M.edges"	9033.65	1.36386e+09	2022-May-31 20:18:37.473808	2022-May-31 20:19:04.817947
"VectorVectorContainer"	ParallelInplace#2	"bn-human-Jung2015_M87124563_160M.edges"	6825.66	1.10504e+09	2022-May-31 20:19:04.820680	2022-May-31 20:19:25.485620
"VectorVectorContainer"	ParallelInplace#2	"bn-human-BNU_1_0025914_session_2_100M.edges"	4432.67	7.84465e+08	2022-May-31 20:19:25.485724	2022-May-31 20:19:38.942658
"VectorVectorContainer"	ParallelInplace#2	"bn-434k-16M.edges"	763.319	1.32191e+08	2022-May-31 20:19:38.942751	2022-May-31 20:19:41.297500
"VectorVectorContainer"	ParallelInplace#2	"tech-p2p-gnutella.mtx"	20.8723	5.54739e+06	2022-May-31 20:19:41.297617	2022-May-31 20:19:41.363951
"VectorVectorContainer"	ParallelInplace#2	"bn-1.8M-166M.edges"	7076.81	1.02975e+09	2022-May-31 20:19:41.364060	2022-May-31 20:20:02.798851
"VectorVectorContainer"	ParallelInplace#2	"bn-human-Jung2015_M87119472_60M.edges"	2622.69	4.72964e+08	2022-May-31 20:20:02.801516	2022-May-31 20:20:10.809219
"VectorVectorContainer"	ParallelInplace#2	"rgg_n_2_22_s0_30M.edges"	2090.84	3.68672e+08	2022-May-31 20:20:10.809311	2022-May-31 20:20:17.650458
"VectorVectorContainer"	ParallelInplace#4	"bn-human-BNU_1_0025889_session_2_130M.edges"	3604.41	9.6648e+08	2022-May-31 20:20:17.655531	2022-May-31 20:20:28.687636
"VectorVectorContainer"	ParallelInplace#4	"graph500-scale20-ef16_adj_30M.edges"	2842.79	2.68936e+08	2022-May-31 20:20:28.690255	2022-May-31 20:20:37.505048
"VectorVectorContainer"	ParallelInplace#4	"bn-human-Jung2015_M87118347_80M.edges"	2639.62	5.45672e+08	2022-May-31 20:20:37.505150	2022-May-31 20:20:45.513515
"VectorVectorContainer"	ParallelInplace#4	"socf-konect.edges"	6960.89	8.93165e+09	2022-May-31 20:20:45.513606	2022-May-31 20:21:09.205671
"VectorVectorContainer"	ParallelInplace#4	"socfb-UIllinois20.mtx"	182.242	1.24292e+07	2022-May-31 20:21:09.205813	2022-May-31 20:21:09.759831
"VectorVectorContainer"	ParallelInplace#4	"bn-human-BNU_1_0025913_session_2_180M.edges"	4875.47	1.25052e+09	2022-May-31 20:21:09.759936	2022-May-31 20:21:24.630740
"VectorVectorContainer"	ParallelInplace#4	"bn-human-BNU_1_0025916_session_1_110M.edges"	2984.4	8.31093e+08	2022-May-31 20:21:24.630841	2022-May-31 20:21:33.756213
"VectorVectorContainer"	ParallelInplace#4	"livejournal_160M.edges"	4903.29	1.46074e+09	2022-May-31 20:21:33.756301	2022-May-31 20:21:49.408928
"VectorVectorContainer"	ParallelInplace#4	"tech-ip.edges"	713.451	4.30036e+08	2022-May-31 20:21:49.409018	2022-May-31 20:21:51.777914
"VectorVectorContainer"	ParallelInplace#4	"bn-800-19k.edges"	2.00267	218232	2022-May-31 20:21:51.778004	2022-May-31 20:21:51.784089
"VectorVectorContainer"	ParallelInplace#4	"soc-wiki-Talk-dir.mtx"	247.263	2.45848e+08	2022-May-31 20:21:51.784178	2022-May-31 20:21:52.566786
"VectorVectorContainer"	ParallelInplace#4	"bn-human-Jung2015_M87101049_190M.edges"	5098.89	1.28889e+09	2022-May-31 20:21:52.566875	2022-May-31 20:22:08.102879
"VectorVectorContainer"	ParallelInplace#4	"soc-orkut_106M.edges"	8941.9	1.05118e+09	2022-May-31 20:22:08.102974	2022-May-31 20:22:37.702238
"VectorVectorContainer"	ParallelInplace#4	"socfb-uci-uni_90M.edges"	13899.1	1.13804e+10	2022-May-31 20:22:37.702333	2022-May-31 20:23:25.521764
"VectorVectorContainer"	ParallelInplace#4	"soc-sinaweibo_260M.edges"	55477.4	1.19274e+10	2022-May-31 20:23:25.524758	2022-May-31 20:26:29.683367
"VectorVectorContainer"	ParallelInplace#4	"bn-7k-50k.edges"	2219.44	1.16876e+06	2022-May-31 20:26:29.686733	2022-May-31 20:26:36.371305
"VectorVectorContainer"	ParallelInplace#4	"scc_fb-messages.mtx"	16.1493	3.3344e+06	2022-May-31 20:26:36.371394	2022-May-31 20:26:36.420162
"VectorVectorContainer"	ParallelInplace#4	"soc-orkut.edges"	3256.72	1.09022e+09	2022-May-31 20:26:36.420253	2022-May-31 20:26:46.963397
"VectorVectorContainer"	ParallelInplace#4	"bn-human-Jung2015_M87104509_50M.edges"	1378.21	4.88002e+08	2022-May-31 20:26:46.963511	2022-May-31 20:26:51.213776
"VectorVectorContainer"	ParallelInplace#4	"cit-patent1.edges"	1125.33	6.08168e+08	2022-May-31 20:26:51.213865	2022-May-31 20:26:54.751482
"VectorVectorContainer"	ParallelInplace#4	"bn-human-Jung2015_M87107781_70M.edges"	2483.54	5.60642e+08	2022-May-31 20:26:54.751582	2022-May-31 20:27:02.346626
"VectorVectorContainer"	ParallelInplace#4	"web-Stanford.mtx"	128.95	4.69962e+07	2022-May-31 20:27:02.346721	2022-May-31 20:27:02.762199
"VectorVectorContainer"	ParallelInplace#4	"bn-human-BNU_1_0025871_session_1-bg_170M.edges"	4508.19	1.17863e+09	2022-May-31 20:27:02.762405	2022-May-31 20:27:16.499760
"VectorVectorContainer"	ParallelInplace#4	"bn-human-BNU_1_0025876_session_2-bg_140M.edges"	3703.25	9.94362e+08	2022-May-31 20:27:16.499855	2022-May-31 20:27:27.802164
"VectorVectorContainer"	ParallelInplace#4	"bn-human-Jung2015_M87117093_120M.edges"	3329.14	9.00024e+08	2022-May-31 20:27:27.802256	2022-May-31 20:27:37.997883
"VectorVectorContainer"	ParallelInplace#4	"data_files.txt"	0.941667	2400	2022-May-31 20:27:37.997968	2022-May-31 20:27:38.000804
"VectorVectorContainer"	ParallelInplace#4	"hugetric-00010_10M.mtx"	1683.62	1.36599e+09	2022-May-31 20:27:38.000931	2022-May-31 20:27:43.799036
"VectorVectorContainer"	ParallelInplace#4	"datafiles_par.txt"	0.277	2400	2022-May-31 20:27:43.802025	2022-May-31 20:27:43.802869
"VectorVectorContainer"	ParallelInplace#4	"bn-human-Jung2015_M87101705_200M.edges"	5412.89	1.34673e+09	2022-May-31 20:27:43.803026	2022-May-31 20:28:00.311841
"VectorVectorContainer"	ParallelInplace#4	"tech-as-skitter.mtx"	494.12	2.33501e+08	2022-May-31 20:28:00.311938	2022-May-31 20:28:01.910446
"VectorVectorContainer"	ParallelInplace#4	"socfb-Texas84.mtx"	62.865	1.42038e+07	2022-May-31 20:28:01.910549	2022-May-31 20:28:02.109621
"VectorVectorContainer"	ParallelInplace#4	"soc-pokec.mtx"	794.402	2.44824e+08	2022-May-31 20:28:02.109878	2022-May-31 20:28:04.712279
"VectorVectorContainer"	ParallelInplace#4	"web-wikipedia2009.mtx"	331.065	2.53611e+08	2022-May-31 20:28:04.712396	2022-May-31 20:28:05.799091
"VectorVectorContainer"	ParallelInplace#4	"ca-hollywood-2009.edges"	1554.31	4.5581e+08	2022-May-31 20:28:05.799193	2022-May-31 20:28:10.635443
"VectorVectorContainer"	ParallelInplace#4	"soc-google-plus.txt"	80.7887	3.87097e+07	2022-May-31 20:28:10.635536	2022-May-31 20:28:10.897740
"VectorVectorContainer"	ParallelInplace#4	"tech-as-skitter_10M.mtx"	470.427	2.33501e+08	2022-May-31 20:28:10.898279	2022-May-31 20:28:12.441127
"VectorVectorContainer"	ParallelInplace#4	"soc-orkut-dir_120M.edges"	3481.23	1.07584e+09	2022-May-31 20:28:12.441246	2022-May-31 20:28:23.418652
"VectorVectorContainer"	ParallelInplace#4	"bn-human-Jung2015_M87110148_140M.edges"	3877.47	1.03071e+09	2022-May-31 20:28:23.421741	2022-May-31 20:28:35.276570
"VectorVectorContainer"	ParallelInplace#4	"bn-human-Jung2015_M87113878.edges"	2713.99	6.95432e+08	2022-May-31 20:28:35.276662	2022-May-31 20:28:43.529217
"VectorVectorContainer"	ParallelInplace#4	"bn-human-Jung2015_M87104201_190M.edges"	5112.57	1.29406e+09	2022-May-31 20:28:43.529304	2022-May-31 20:28:59.108500
"VectorVectorContainer"	ParallelInplace#4	"bn-100k-662k.edges"	38.9453	1.66743e+07	2022-May-31 20:28:59.111082	2022-May-31 20:28:59.234404
"VectorVectorContainer"	ParallelInplace#4	"bn-human-Jung2015_M87113679_60M.edges"	1763.84	5.72056e+08	2022-May-31 20:28:59.234617	2022-May-31 20:29:04.672539
"VectorVectorContainer"	ParallelInplace#4	"bn-65-1K.edges"	1.57933	16124	2022-May-31 20:29:04.672677	2022-May-31 20:29:04.677454
"VectorVectorContainer"	ParallelInplace#4	"bn-human-Jung2015_M87104300_70M.edges"	1869.05	5.77165e+08	2022-May-31 20:29:04.677583	2022-May-31 20:29:10.430558
"VectorVectorContainer"	ParallelInplace#4	"ca-IMDB.edges"	165.845	8.72667e+07	2022-May-31 20:29:10.430662	2022-May-31 20:29:10.965484
"VectorVectorContainer"	ParallelInplace#4	"bn-34k-181k.edges"	18.4207	4.78862e+06	2022-May-31 20:29:10.965884	2022-May-31 20:29:11.023029
"VectorVectorContainer"	ParallelInplace#4	"data_files_test.txt"	0.318333	2400	2022-May-31 20:29:11.023155	2022-May-31 20:29:11.024119
"VectorVectorContainer"	ParallelInplace#4	"bn-human-Jung2015_M87112427_170M.edges"	4599.41	1.17943e+09	2022-May-31 20:29:11.024267	2022-May-31 20:29:25.044421
"VectorVectorContainer"	ParallelInplace#4	"socfb-Michigan23.mtx"	53.5137	1.18488e+07	2022-May-31 20:29:25.047280	2022-May-31 20:29:25.214728
"VectorVectorContainer"	ParallelInplace#4	"graph500-scale22-ef16_adj_130M.edges"	12081.8	1.1054e+09	2022-May-31 20:29:25.215040	2022-May-31 20:30:02.708368
"VectorVectorContainer"	ParallelInplace#4	"sc-ldoor_20M.edges"	818.793	2.83907e+08	2022-May-31 20:30:02.710708	2022-May-31 20:30:05.356826
"VectorVectorContainer"	ParallelInplace#4	"bn-human-Jung2015_M7101234.edges"	1629.22	4.35662e+08	2022-May-31 20:30:05.357116	2022-May-31 20:30:10.317468
"VectorVectorContainer"	ParallelInplace#4	"delaunay_n24_50M.edges"	4476.12	2.7346e+09	2022-May-31 20:30:10.317649	2022-May-31 20:30:24.962969
"VectorVectorContainer"	ParallelInplace#4	"bn-human-Jung2015_M87118465_180M.edges"	4915.6	1.2256e+09	2022-May-31 20:30:24.965529	2022-May-31 20:30:39.934933
"VectorVectorContainer"	ParallelInplace#4	"bn-human-BNU_1_0025869_session_2-bg_150M.edges"	4063.73	1.0591e+09	2022-May-31 20:30:39.935024	2022-May-31 20:30:52.346227
"VectorVectorContainer"	ParallelInplace#4	"web-uk-2005.mtx"	326.084	8.42428e+07	2022-May-31 20:30:52.348443	2022-May-31 20:30:53.381166
"VectorVectorContainer"	ParallelInplace#4	"soc-livejournal.mtx"	1359.02	7.71845e+08	2022-May-31 20:30:53.381260	2022-May-31 20:30:57.773278
"VectorVectorContainer"	ParallelInplace#4	"bn-human-Jung2015_M8703600.edges"	1537.48	5.24125e+08	2022-May-31 20:30:57.773390	2022-May-31 20:31:02.534309
"VectorVectorContainer"	ParallelInplace#4	"bn-human-BNU_1_0025868_session_1-bg_150M.edges"	4100.29	1.05534e+09	2022-May-31 20:31:02.534398	2022-May-31 20:31:15.037315
"VectorVectorContainer"	ParallelInplace#4	"bn-human-Jung2015_M87125334_40M.edges"	1205.33	4.72529e+08	2022-May-31 20:31:15.039899	2022-May-31 20:31:18.787031
"VectorVectorContainer"	ParallelInplace#4	"bn-human-Jung2015_M87116523_80M.edges"	1955.38	5.29912e+08	2022-May-31 20:31:18.787137	2022-May-31 20:31:24.728353
"VectorVectorContainer"	ParallelInplace#4	"bn-human-Jung2015_M87127677_210M.edges"	5525.83	1.39976e+09	2022-May-31 20:31:24.728432	2022-May-31 20:31:41.549598
"VectorVectorContainer"	ParallelInplace#4	"bn-449k-3.3M.edges"	168.054	8.61294e+07	2022-May-31 20:31:41.549680	2022-May-31 20:31:42.073430
"VectorVectorContainer"	ParallelInplace#4	"bn-human-BNU_1_0025919_session_1.edges"	5347.27	1.34687e+09	2022-May-31 20:31:42.073518	2022-May-31 20:31:58.360962
"VectorVectorContainer"	ParallelInplace#4	"testfile.txt"	0.370667	2400	2022-May-31 20:31:58.361064	2022-May-31 20:31:58.362183
"VectorVectorContainer"	ParallelInplace#4	"C2000-9.edges"	52.6157	1.04911e+07	2022-May-31 20:31:58.362269	2022-May-31 20:31:58.520599
"VectorVectorContainer"	ParallelInplace#4	"datafiles_seq.txt"	1.17967	2400	2022-May-31 20:31:58.520782	2022-May-31 20:31:58.524341
"VectorVectorContainer"	ParallelInplace#4	"bn-human-Jung2015_M87114342_90M.edges"	2502.48	7.5719e+08	2022-May-31 20:31:58.524566	2022-May-31 20:32:06.215623
"VectorVectorContainer"	ParallelInplace#4	"bn-human-BNU_1_0025919_session_1_200M.edges"	5281.96	1.34687e+09	2022-May-31 20:32:06.215702	2022-May-31 20:32:22.319030
"VectorVectorContainer"	ParallelInplace#4	"socfb-B-anon_20M.edges"	2194.41	5.33588e+08	2022-May-31 20:32:22.319316	2022-May-31 20:32:29.640850
"VectorVectorContainer"	ParallelInplace#4	"bn-human-Jung2015_M87110650_40M.edges"	1220.9	4.55018e+08	2022-May-31 20:32:29.640927	2022-May-31 20:32:33.407914
"VectorVectorContainer"	ParallelInplace#4	"bn-human-Jung2015_M87125286_210M.edges"	5568.41	1.39791e+09	2022-May-31 20:32:33.407991	2022-May-31 20:32:50.366301
"VectorVectorContainer"	ParallelInplace#4	"bn-human-Jung2015_M87124563_160M.edges"	4254.38	1.11633e+09	2022-May-31 20:32:50.366382	2022-May-31 20:33:03.324082
"VectorVectorContainer"	ParallelInplace#4	"bn-human-BNU_1_0025914_session_2_100M.edges"	2739.33	7.92722e+08	2022-May-31 20:33:03.326492	2022-May-31 20:33:11.708395
"VectorVectorContainer"	ParallelInplace#4	"bn-434k-16M.edges"	499.496	1.55237e+08	2022-May-31 20:33:11.708477	2022-May-31 20:33:13.271722
"VectorVectorContainer"	ParallelInplace#4	"tech-p2p-gnutella.mtx"	14.65	1.00366e+07	2022-May-31 20:33:13.271824	2022-May-31 20:33:13.318353
"VectorVectorContainer"	ParallelInplace#4	"bn-1.8M-166M.edges"	4472.33	1.12095e+09	2022-May-31 20:33:13.318433	2022-May-31 20:33:26.951610
"VectorVectorContainer"	ParallelInplace#4	"bn-human-Jung2015_M87119472_60M.edges"	1697.2	5.70099e+08	2022-May-31 20:33:26.951696	2022-May-31 20:33:32.182561
"VectorVectorContainer"	ParallelInplace#4	"rgg_n_2_22_s0_30M.edges"	1760.43	6.77325e+08	2022-May-31 20:33:32.182638	2022-May-31 20:33:37.977237
"VectorVectorContainer"	ParallelInplace#8	"bn-human-BNU_1_0025889_session_2_130M.edges"	3998.5	1.13125e+09	2022-May-31 20:33:37.982300	2022-May-31 20:33:50.222414
"VectorVectorContainer"	ParallelInplace#8	"graph500-scale20-ef16_adj_30M.edges"	2166.6	3.67539e+08	2022-May-31 20:33:50.225164	2022-May-31 20:33:57.006981
"VectorVectorContainer"	ParallelInplace#8	"bn-human-Jung2015_M87118347_80M.edges"	2306.16	6.17357e+08	2022-May-31 20:33:57.007063	2022-May-31 20:34:04.032799
"VectorVectorContainer"	ParallelInplace#8	"socf-konect.edges"	9688.24	1.5725e+10	2022-May-31 20:34:04.032879	2022-May-31 20:34:35.742378
"VectorVectorContainer"	ParallelInplace#8	"socfb-UIllinois20.mtx"	162.016	1.69643e+07	2022-May-31 20:34:35.745876	2022-May-31 20:34:36.238764
"VectorVectorContainer"	ParallelInplace#8	"bn-human-BNU_1_0025913_session_2_180M.edges"	5301.3	1.42128e+09	2022-May-31 20:34:36.238843	2022-May-31 20:34:52.434458
"VectorVectorContainer"	ParallelInplace#8	"bn-human-BNU_1_0025916_session_1_110M.edges"	3320.12	9.91029e+08	2022-May-31 20:34:52.434536	2022-May-31 20:35:02.576179
"VectorVectorContainer"	ParallelInplace#8	"livejournal_160M.edges"	5313.86	1.62749e+09	2022-May-31 20:35:02.576259	2022-May-31 20:35:19.400953
"VectorVectorContainer"	ParallelInplace#8	"tech-ip.edges"	840.723	5.75686e+08	2022-May-31 20:35:19.401041	2022-May-31 20:35:22.143689
"VectorVectorContainer"	ParallelInplace#8	"bn-800-19k.edges"	5.835	343052	2022-May-31 20:35:22.143782	2022-May-31 20:35:22.161387
"VectorVectorContainer"	ParallelInplace#8	"soc-wiki-Talk-dir.mtx"	297.867	3.92877e+08	2022-May-31 20:35:22.161461	2022-May-31 20:35:23.095887
"VectorVectorContainer"	ParallelInplace#8	"bn-human-Jung2015_M87101049_190M.edges"	5580.62	1.44383e+09	2022-May-31 20:35:23.095978	2022-May-31 20:35:40.073475
"VectorVectorContainer"	ParallelInplace#8	"soc-orkut_106M.edges"	7767.55	1.54386e+09	2022-May-31 20:35:40.073554	2022-May-31 20:36:06.921418
"VectorVectorContainer"	ParallelInplace#8	"socfb-uci-uni_90M.edges"	CRASHED	CRASHED
"VectorVectorContainer"	ParallelInplace#8	"soc-sinaweibo_260M.edges"	CRASHED	CRASHED
"VectorVectorContainer"	ParallelInplace#8	"bn-7k-50k.edges"	4.04367	1.93551e+06	2022-May-31 20:36:13.078263	2022-May-31 20:36:13.090736
"VectorVectorContainer"	ParallelInplace#8	"scc_fb-messages.mtx"	15.786	3.57918e+06	2022-May-31 20:36:13.090818	2022-May-31 20:36:13.138406
"VectorVectorContainer"	ParallelInplace#8	"soc-orkut.edges"	3589.37	1.34827e+09	2022-May-31 20:36:13.138578	2022-May-31 20:36:24.555614
"VectorVectorContainer"	ParallelInplace#8	"bn-human-Jung2015_M87104509_50M.edges"	1562.83	6.62195e+08	2022-May-31 20:36:24.555691	2022-May-31 20:36:29.384775
"VectorVectorContainer"	ParallelInplace#8	"cit-patent1.edges"	1028.86	1.26303e+09	2022-May-31 20:36:29.384854	2022-May-31 20:36:32.677956
"VectorVectorContainer"	ParallelInplace#8	"bn-human-Jung2015_M87107781_70M.edges"	2146.89	7.04729e+08	2022-May-31 20:36:32.678054	2022-May-31 20:36:39.260600
"VectorVectorContainer"	ParallelInplace#8	"web-Stanford.mtx"	124.563	7.62828e+07	2022-May-31 20:36:39.260777	2022-May-31 20:36:39.660261
"VectorVectorContainer"	ParallelInplace#8	"bn-human-BNU_1_0025871_session_1-bg_170M.edges"	4950.88	1.34746e+09	2022-May-31 20:36:39.660342	2022-May-31 20:36:54.744814
"VectorVectorContainer"	ParallelInplace#8	"bn-human-BNU_1_0025876_session_2-bg_140M.edges"	4114.67	1.14787e+09	2022-May-31 20:36:54.744897	2022-May-31 20:37:07.323246
"VectorVectorContainer"	ParallelInplace#8	"bn-human-Jung2015_M87117093_120M.edges"	3679.74	1.05984e+09	2022-May-31 20:37:07.323327	2022-May-31 20:37:18.575333
"VectorVectorContainer"	ParallelInplace#8	"data_files.txt"	1.335	4800	2022-May-31 20:37:18.575464	2022-May-31 20:37:18.579487
"VectorVectorContainer"	ParallelInplace#8	"hugetric-00010_10M.mtx"	2008.21	2.44572e+09	2022-May-31 20:37:18.579566	2022-May-31 20:37:25.300547
"VectorVectorContainer"	ParallelInplace#8	"datafiles_par.txt"	0.574667	4800	2022-May-31 20:37:25.303415	2022-May-31 20:37:25.305155
"VectorVectorContainer"	ParallelInplace#8	"bn-human-Jung2015_M87101705_200M.edges"	5981.58	1.51766e+09	2022-May-31 20:37:25.305236	2022-May-31 20:37:43.527132
"VectorVectorContainer"	ParallelInplace#8	"tech-as-skitter.mtx"	560.487	3.66436e+08	2022-May-31 20:37:43.529764	2022-May-31 20:37:45.346870
"VectorVectorContainer"	ParallelInplace#8	"socfb-Texas84.mtx"	62.0893	2.02183e+07	2022-May-31 20:37:45.346950	2022-May-31 20:37:45.539446
"VectorVectorContainer"	ParallelInplace#8	"soc-pokec.mtx"	876.529	3.77002e+08	2022-May-31 20:37:45.539523	2022-May-31 20:37:48.383728
"VectorVectorContainer"	ParallelInplace#8	"web-wikipedia2009.mtx"	392.971	4.44364e+08	2022-May-31 20:37:48.383804	2022-May-31 20:37:49.647661
"VectorVectorContainer"	ParallelInplace#8	"ca-hollywood-2009.edges"	1761.59	5.8085e+08	2022-May-31 20:37:49.647740	2022-May-31 20:37:55.092267
"VectorVectorContainer"	ParallelInplace#8	"soc-google-plus.txt"	73.3887	5.2625e+07	2022-May-31 20:37:55.092407	2022-May-31 20:37:55.332248
"VectorVectorContainer"	ParallelInplace#8	"tech-as-skitter_10M.mtx"	551.976	3.66436e+08	2022-May-31 20:37:55.332327	2022-May-31 20:37:57.094764
"VectorVectorContainer"	ParallelInplace#8	"soc-orkut-dir_120M.edges"	3707.54	1.07101e+09	2022-May-31 20:37:57.094859	2022-May-31 20:38:08.699611
"VectorVectorContainer"	ParallelInplace#8	"bn-human-Jung2015_M87110148_140M.edges"	4201.69	1.19806e+09	2022-May-31 20:38:08.702599	2022-May-31 20:38:21.539730
"VectorVectorContainer"	ParallelInplace#8	"bn-human-Jung2015_M87113878.edges"	3058.7	7.56908e+08	2022-May-31 20:38:21.539805	2022-May-31 20:38:30.849353
"VectorVectorContainer"	ParallelInplace#8	"bn-human-Jung2015_M87104201_190M.edges"	5587.45	1.46065e+09	2022-May-31 20:38:30.849429	2022-May-31 20:38:47.883993
"VectorVectorContainer"	ParallelInplace#8	"bn-100k-662k.edges"	47.1397	2.80778e+07	2022-May-31 20:38:47.886430	2022-May-31 20:38:48.031996
"VectorVectorContainer"	ParallelInplace#8	"bn-human-Jung2015_M87113679_60M.edges"	1882.79	7.16385e+08	2022-May-31 20:38:48.032086	2022-May-31 20:38:53.834846
"VectorVectorContainer"	ParallelInplace#8	"bn-65-1K.edges"	5.96233	25840	2022-May-31 20:38:53.834926	2022-May-31 20:38:53.855561
"VectorVectorContainer"	ParallelInplace#8	"bn-human-Jung2015_M87104300_70M.edges"	2063.38	7.12536e+08	2022-May-31 20:38:53.855714	2022-May-31 20:39:00.211130
"VectorVectorContainer"	ParallelInplace#8	"ca-IMDB.edges"	190.316	1.22749e+08	2022-May-31 20:39:00.211208	2022-May-31 20:39:00.815222
"VectorVectorContainer"	ParallelInplace#8	"bn-34k-181k.edges"	13.5287	8.26045e+06	2022-May-31 20:39:00.815322	2022-May-31 20:39:00.857494
"VectorVectorContainer"	ParallelInplace#8	"data_files_test.txt"	0.504	4800	2022-May-31 20:39:00.857572	2022-May-31 20:39:00.859092
"VectorVectorContainer"	ParallelInplace#8	"bn-human-Jung2015_M87112427_170M.edges"	5002.82	1.354e+09	2022-May-31 20:39:00.859176	2022-May-31 20:39:16.107755
"VectorVectorContainer"	ParallelInplace#8	"socfb-Michigan23.mtx"	38.78	1.63022e+07	2022-May-31 20:39:16.107846	2022-May-31 20:39:16.230679
"VectorVectorContainer"	ParallelInplace#8	"graph500-scale22-ef16_adj_130M.edges"	9985.72	1.46244e+09	2022-May-31 20:39:16.230911	2022-May-31 20:39:47.517769
"VectorVectorContainer"	ParallelInplace#8	"sc-ldoor_20M.edges"	909.967	4.08731e+08	2022-May-31 20:39:47.520460	2022-May-31 20:39:50.442907
"VectorVectorContainer"	ParallelInplace#8	"bn-human-Jung2015_M7101234.edges"	1925.07	4.93363e+08	2022-May-31 20:39:50.443006	2022-May-31 20:39:56.287903
"VectorVectorContainer"	ParallelInplace#8	"delaunay_n24_50M.edges"	5509.02	5.54944e+09	2022-May-31 20:39:56.287991	2022-May-31 20:40:13.987959
"VectorVectorContainer"	ParallelInplace#8	"bn-human-Jung2015_M87118465_180M.edges"	5381.29	1.37308e+09	2022-May-31 20:40:13.991226	2022-May-31 20:40:30.376950
"VectorVectorContainer"	ParallelInplace#8	"bn-human-BNU_1_0025869_session_2-bg_150M.edges"	4447.93	1.22612e+09	2022-May-31 20:40:30.377040	2022-May-31 20:40:43.951308
"VectorVectorContainer"	ParallelInplace#8	"web-uk-2005.mtx"	379.396	9.75694e+07	2022-May-31 20:40:43.954145	2022-May-31 20:40:45.112710
"VectorVectorContainer"	ParallelInplace#8	"soc-livejournal.mtx"	1506.37	1.08753e+09	2022-May-31 20:40:45.112796	2022-May-31 20:40:49.942787
"VectorVectorContainer"	ParallelInplace#8	"bn-human-Jung2015_M8703600.edges"	1689.14	6.76805e+08	2022-May-31 20:40:49.942876	2022-May-31 20:40:55.162808
"VectorVectorContainer"	ParallelInplace#8	"bn-human-BNU_1_0025868_session_1-bg_150M.edges"	4400.47	1.21701e+09	2022-May-31 20:40:55.162897	2022-May-31 20:41:08.602237
"VectorVectorContainer"	ParallelInplace#8	"bn-human-Jung2015_M87125334_40M.edges"	1293.83	6.23119e+08	2022-May-31 20:41:08.602312	2022-May-31 20:41:12.614129
"VectorVectorContainer"	ParallelInplace#8	"bn-human-Jung2015_M87116523_80M.edges"	2243.13	5.9731e+08	2022-May-31 20:41:12.614224	2022-May-31 20:41:19.435565
"VectorVectorContainer"	ParallelInplace#8	"bn-human-Jung2015_M87127677_210M.edges"	6092.21	1.57413e+09	2022-May-31 20:41:19.435635	2022-May-31 20:41:38.029197
"VectorVectorContainer"	ParallelInplace#8	"bn-449k-3.3M.edges"	206.978	1.46607e+08	2022-May-31 20:41:38.031757	2022-May-31 20:41:38.676851
"VectorVectorContainer"	ParallelInplace#8	"bn-human-BNU_1_0025919_session_1.edges"	5946.06	1.50406e+09	2022-May-31 20:41:38.676940	2022-May-31 20:41:56.798851
"VectorVectorContainer"	ParallelInplace#8	"testfile.txt"	0.526667	4800	2022-May-31 20:41:56.801390	2022-May-31 20:41:56.802989
"VectorVectorContainer"	ParallelInplace#8	"C2000-9.edges"	53.1413	1.07392e+07	2022-May-31 20:41:56.803112	2022-May-31 20:41:56.965844
"VectorVectorContainer"	ParallelInplace#8	"datafiles_seq.txt"	1.65267	4800	2022-May-31 20:41:56.965920	2022-May-31 20:41:56.970895
"VectorVectorContainer"	ParallelInplace#8	"bn-human-Jung2015_M87114342_90M.edges"	2767.39	9.49331e+08	2022-May-31 20:41:56.971111	2022-May-31 20:42:05.470794
"VectorVectorContainer"	ParallelInplace#8	"bn-human-BNU_1_0025919_session_1_200M.edges"	5925.45	1.50406e+09	2022-May-31 20:42:05.470872	2022-May-31 20:42:23.530014
"VectorVectorContainer"	ParallelInplace#8	"socfb-B-anon_20M.edges"	2161.32	1.04798e+09	2022-May-31 20:42:23.530179	2022-May-31 20:42:30.602917
"VectorVectorContainer"	ParallelInplace#8	"bn-human-Jung2015_M87110650_40M.edges"	1341.04	5.98129e+08	2022-May-31 20:42:30.603009	2022-May-31 20:42:34.765693
"VectorVectorContainer"	ParallelInplace#8	"bn-human-Jung2015_M87125286_210M.edges"	6272.72	1.57048e+09	2022-May-31 20:42:34.765780	2022-May-31 20:42:53.871438
"VectorVectorContainer"	ParallelInplace#8	"bn-human-Jung2015_M87124563_160M.edges"	4733.58	1.27626e+09	2022-May-31 20:42:53.874066	2022-May-31 20:43:08.311380
"VectorVectorContainer"	ParallelInplace#8	"bn-human-BNU_1_0025914_session_2_100M.edges"	3100.91	9.53186e+08	2022-May-31 20:43:08.311461	2022-May-31 20:43:17.809959
"VectorVectorContainer"	ParallelInplace#8	"bn-434k-16M.edges"	557.168	1.86107e+08	2022-May-31 20:43:17.810040	2022-May-31 20:43:19.545089
"VectorVectorContainer"	ParallelInplace#8	"tech-p2p-gnutella.mtx"	14.4433	1.7477e+07	2022-May-31 20:43:19.545188	2022-May-31 20:43:19.591088
"VectorVectorContainer"	ParallelInplace#8	"bn-1.8M-166M.edges"	5082.96	1.29084e+09	2022-May-31 20:43:19.591167	2022-May-31 20:43:35.078770
"VectorVectorContainer"	ParallelInplace#8	"bn-human-Jung2015_M87119472_60M.edges"	1825.2	7.25013e+08	2022-May-31 20:43:35.081321	2022-May-31 20:43:40.721186
"VectorVectorContainer"	ParallelInplace#8	"rgg_n_2_22_s0_30M.edges"	2147.41	1.29516e+09	2022-May-31 20:43:40.721278	2022-May-31 20:43:47.629722
"VectorVectorContainer"	ParallelInplace#12	"bn-human-BNU_1_0025889_session_2_130M.edges"	3299.26	1.29539e+09	2022-May-31 20:43:47.634455	2022-May-31 20:43:57.773843
"VectorVectorContainer"	ParallelInplace#12	"graph500-scale20-ef16_adj_30M.edges"	2095.32	4.34716e+08	2022-May-31 20:43:57.773950	2022-May-31 20:44:04.315040
"VectorVectorContainer"	ParallelInplace#12	"bn-human-Jung2015_M87118347_80M.edges"	1970.67	6.90654e+08	2022-May-31 20:44:04.315124	2022-May-31 20:44:10.331847
"VectorVectorContainer"	ParallelInplace#12	"socf-konect.edges"	CRASHED	CRASHED
"VectorVectorContainer"	ParallelInplace#12	"socfb-UIllinois20.mtx"	42.037	1.98906e+07	2022-May-31 20:44:13.195545	2022-May-31 20:44:13.329293
"VectorVectorContainer"	ParallelInplace#12	"bn-human-BNU_1_0025913_session_2_180M.edges"	4472.84	1.58014e+09	2022-May-31 20:44:13.330319	2022-May-31 20:44:27.053913
"VectorVectorContainer"	ParallelInplace#12	"bn-human-BNU_1_0025916_session_1_110M.edges"	2851.42	1.15026e+09	2022-May-31 20:44:27.054007	2022-May-31 20:44:35.831164
"VectorVectorContainer"	ParallelInplace#12	"livejournal_160M.edges"	4520.52	1.79617e+09	2022-May-31 20:44:35.831245	2022-May-31 20:44:50.282458
"VectorVectorContainer"	ParallelInplace#12	"tech-ip.edges"	813.105	8.32726e+08	2022-May-31 20:44:50.282554	2022-May-31 20:44:52.949074
"VectorVectorContainer"	ParallelInplace#12	"bn-800-19k.edges"	4.929	449012	2022-May-31 20:44:52.949151	2022-May-31 20:44:52.964033
"VectorVectorContainer"	ParallelInplace#12	"soc-wiki-Talk-dir.mtx"	304.063	6.11557e+08	2022-May-31 20:44:52.964107	2022-May-31 20:44:53.922017
"VectorVectorContainer"	ParallelInplace#12	"bn-human-Jung2015_M87101049_190M.edges"	4652.13	1.59473e+09	2022-May-31 20:44:53.922097	2022-May-31 20:45:08.139132
"VectorVectorContainer"	ParallelInplace#12	"soc-orkut_106M.edges"	7545.49	1.88506e+09	2022-May-31 20:45:08.142368	2022-May-31 20:45:33.902489
"VectorVectorContainer"	ParallelInplace#12	"socfb-uci-uni_90M.edges"	CRASHED	CRASHED
"VectorVectorContainer"	ParallelInplace#12	"soc-sinaweibo_260M.edges"	CRASHED	CRASHED
"VectorVectorContainer"	ParallelInplace#12	"bn-7k-50k.edges"	5.54	2.70587e+06	2022-May-31 20:45:39.190182	2022-May-31 20:45:39.207198
"VectorVectorContainer"	ParallelInplace#12	"scc_fb-messages.mtx"	14.5933	3.83066e+06	2022-May-31 20:45:39.207292	2022-May-31 20:45:39.251357
"VectorVectorContainer"	ParallelInplace#12	"soc-orkut.edges"	2973.47	1.6068e+09	2022-May-31 20:45:39.251477	2022-May-31 20:45:48.807763
"VectorVectorContainer"	ParallelInplace#12	"bn-human-Jung2015_M87104509_50M.edges"	1357.47	8.24705e+08	2022-May-31 20:45:48.807848	2022-May-31 20:45:53.048723
"VectorVectorContainer"	ParallelInplace#12	"cit-patent1.edges"	1125.04	1.80215e+09	2022-May-31 20:45:53.048803	2022-May-31 20:45:56.581846
"VectorVectorContainer"	ParallelInplace#12	"bn-human-Jung2015_M87107781_70M.edges"	1837.28	8.44069e+08	2022-May-31 20:45:56.581924	2022-May-31 20:46:02.256330
"VectorVectorContainer"	ParallelInplace#12	"web-Stanford.mtx"	127.046	1.04553e+08	2022-May-31 20:46:02.256409	2022-May-31 20:46:02.668866
"VectorVectorContainer"	ParallelInplace#12	"bn-human-BNU_1_0025871_session_1-bg_170M.edges"	4120.22	1.52069e+09	2022-May-31 20:46:02.669046	2022-May-31 20:46:15.273956
"VectorVectorContainer"	ParallelInplace#12	"bn-human-BNU_1_0025876_session_2-bg_140M.edges"	3500.26	1.30212e+09	2022-May-31 20:46:15.274031	2022-May-31 20:46:25.999803
"VectorVectorContainer"	ParallelInplace#12	"bn-human-Jung2015_M87117093_120M.edges"	3064.36	1.22116e+09	2022-May-31 20:46:25.999897	2022-May-31 20:46:35.408721
"VectorVectorContainer"	ParallelInplace#12	"data_files.txt"	1.385	7456	2022-May-31 20:46:35.408817	2022-May-31 20:46:35.412979
"VectorVectorContainer"	ParallelInplace#12	"hugetric-00010_10M.mtx"	2538.16	3.59182e+09	2022-May-31 20:46:35.413051	2022-May-31 20:46:43.704598
"VectorVectorContainer"	ParallelInplace#12	"datafiles_par.txt"	1.334	7456	2022-May-31 20:46:43.704690	2022-May-31 20:46:43.708699
"VectorVectorContainer"	ParallelInplace#12	"bn-human-Jung2015_M87101705_200M.edges"	4955.93	1.67414e+09	2022-May-31 20:46:43.708768	2022-May-31 20:46:58.889660
"VectorVectorContainer"	ParallelInplace#12	"tech-as-skitter.mtx"	553.02	4.99595e+08	2022-May-31 20:46:58.892232	2022-May-31 20:47:00.664367
"VectorVectorContainer"	ParallelInplace#12	"socfb-Texas84.mtx"	66.9547	2.53337e+07	2022-May-31 20:47:00.664439	2022-May-31 20:47:00.877647
"VectorVectorContainer"	ParallelInplace#12	"soc-pokec.mtx"	793.263	5.20068e+08	2022-May-31 20:47:00.877880	2022-May-31 20:47:03.434575
"VectorVectorContainer"	ParallelInplace#12	"web-wikipedia2009.mtx"	444.507	6.35725e+08	2022-May-31 20:47:03.434656	2022-May-31 20:47:04.852183
"VectorVectorContainer"	ParallelInplace#12	"ca-hollywood-2009.edges"	1526.32	7.31946e+08	2022-May-31 20:47:04.852262	2022-May-31 20:47:09.608177
"VectorVectorContainer"	ParallelInplace#12	"soc-google-plus.txt"	69.1743	7.80255e+07	2022-May-31 20:47:09.608258	2022-May-31 20:47:09.830627
"VectorVectorContainer"	ParallelInplace#12	"tech-as-skitter_10M.mtx"	563.734	4.99595e+08	2022-May-31 20:47:09.830709	2022-May-31 20:47:11.641760
"VectorVectorContainer"	ParallelInplace#12	"soc-orkut-dir_120M.edges"	3042.71	1.26162e+09	2022-May-31 20:47:11.641842	2022-May-31 20:47:21.226727
"VectorVectorContainer"	ParallelInplace#12	"bn-human-Jung2015_M87110148_140M.edges"	3425.12	1.37017e+09	2022-May-31 20:47:21.229012	2022-May-31 20:47:31.756929
"VectorVectorContainer"	ParallelInplace#12	"bn-human-Jung2015_M87113878.edges"	2453.94	8.19053e+08	2022-May-31 20:47:31.757023	2022-May-31 20:47:39.269941
"VectorVectorContainer"	ParallelInplace#12	"bn-human-Jung2015_M87104201_190M.edges"	4675.15	1.62791e+09	2022-May-31 20:47:39.272434	2022-May-31 20:47:53.519213
"VectorVectorContainer"	ParallelInplace#12	"bn-100k-662k.edges"	59.8743	3.88026e+07	2022-May-31 20:47:53.521760	2022-May-31 20:47:53.708615
"VectorVectorContainer"	ParallelInplace#12	"bn-human-Jung2015_M87113679_60M.edges"	1608.58	8.81408e+08	2022-May-31 20:47:53.708798	2022-May-31 20:47:58.691564
"VectorVectorContainer"	ParallelInplace#12	"bn-65-1K.edges"	0.640333	36496	2022-May-31 20:47:58.694088	2022-May-31 20:47:58.696030
"VectorVectorContainer"	ParallelInplace#12	"bn-human-Jung2015_M87104300_70M.edges"	1703.41	8.6267e+08	2022-May-31 20:47:58.696096	2022-May-31 20:48:03.959528
"VectorVectorContainer"	ParallelInplace#12	"ca-IMDB.edges"	157.52	1.7976e+08	2022-May-31 20:48:03.959621	2022-May-31 20:48:04.462723
"VectorVectorContainer"	ParallelInplace#12	"bn-34k-181k.edges"	12.094	9.71107e+06	2022-May-31 20:48:04.462802	2022-May-31 20:48:04.500439
"VectorVectorContainer"	ParallelInplace#12	"data_files_test.txt"	0.807	7456	2022-May-31 20:48:04.500511	2022-May-31 20:48:04.502939
"VectorVectorContainer"	ParallelInplace#12	"bn-human-Jung2015_M87112427_170M.edges"	4158.9	1.51572e+09	2022-May-31 20:48:04.503007	2022-May-31 20:48:17.246537
"VectorVectorContainer"	ParallelInplace#12	"socfb-Michigan23.mtx"	32.31	1.91772e+07	2022-May-31 20:48:17.246634	2022-May-31 20:48:17.355248
"VectorVectorContainer"	ParallelInplace#12	"graph500-scale22-ef16_adj_130M.edges"	9264.84	1.83449e+09	2022-May-31 20:48:17.355341	2022-May-31 20:48:46.691425
"VectorVectorContainer"	ParallelInplace#12	"sc-ldoor_20M.edges"	870.356	5.268e+08	2022-May-31 20:48:46.693956	2022-May-31 20:48:49.500057
"VectorVectorContainer"	ParallelInplace#12	"bn-human-Jung2015_M7101234.edges"	1544.35	5.46886e+08	2022-May-31 20:48:49.500154	2022-May-31 20:48:54.212738
"VectorVectorContainer"	ParallelInplace#12	"delaunay_n24_50M.edges"	5868.13	7.29925e+09	2022-May-31 20:48:54.212814	2022-May-31 20:49:12.987733
"VectorVectorContainer"	ParallelInplace#12	"bn-human-Jung2015_M87118465_180M.edges"	4448.6	1.52437e+09	2022-May-31 20:49:12.990959	2022-May-31 20:49:26.631421
"VectorVectorContainer"	ParallelInplace#12	"bn-human-BNU_1_0025869_session_2-bg_150M.edges"	3749.13	1.37695e+09	2022-May-31 20:49:26.631500	2022-May-31 20:49:38.114351
"VectorVectorContainer"	ParallelInplace#12	"web-uk-2005.mtx"	302.716	1.10872e+08	2022-May-31 20:49:38.114441	2022-May-31 20:49:39.045919
"VectorVectorContainer"	ParallelInplace#12	"soc-livejournal.mtx"	1502.51	1.40419e+09	2022-May-31 20:49:39.046016	2022-May-31 20:49:43.854677
"VectorVectorContainer"	ParallelInplace#12	"bn-human-Jung2015_M8703600.edges"	1409.49	8.50458e+08	2022-May-31 20:49:43.854774	2022-May-31 20:49:48.242028
"VectorVectorContainer"	ParallelInplace#12	"bn-human-BNU_1_0025868_session_1-bg_150M.edges"	3665.53	1.38065e+09	2022-May-31 20:49:48.242123	2022-May-31 20:49:59.493324
"VectorVectorContainer"	ParallelInplace#12	"bn-human-Jung2015_M87125334_40M.edges"	1156.51	8.02705e+08	2022-May-31 20:49:59.493405	2022-May-31 20:50:03.083891
"VectorVectorContainer"	ParallelInplace#12	"bn-human-Jung2015_M87116523_80M.edges"	1882.31	6.66767e+08	2022-May-31 20:50:03.083984	2022-May-31 20:50:08.813022
"VectorVectorContainer"	ParallelInplace#12	"bn-human-Jung2015_M87127677_210M.edges"	5204.62	1.73454e+09	2022-May-31 20:50:08.813102	2022-May-31 20:50:24.761718
"VectorVectorContainer"	ParallelInplace#12	"bn-449k-3.3M.edges"	186.835	1.82991e+08	2022-May-31 20:50:24.764274	2022-May-31 20:50:25.344551
"VectorVectorContainer"	ParallelInplace#12	"bn-human-BNU_1_0025919_session_1.edges"	4887.56	1.65763e+09	2022-May-31 20:50:25.344640	2022-May-31 20:50:40.309062
"VectorVectorContainer"	ParallelInplace#12	"testfile.txt"	1.4	7456	2022-May-31 20:50:40.309142	2022-May-31 20:50:40.313349
"VectorVectorContainer"	ParallelInplace#12	"C2000-9.edges"	48.4943	1.0996e+07	2022-May-31 20:50:40.313417	2022-May-31 20:50:40.476677
"VectorVectorContainer"	ParallelInplace#12	"datafiles_seq.txt"	1.802	7456	2022-May-31 20:50:40.476860	2022-May-31 20:50:40.482279
"VectorVectorContainer"	ParallelInplace#12	"bn-human-Jung2015_M87114342_90M.edges"	2325.57	1.12114e+09	2022-May-31 20:50:40.482502	2022-May-31 20:50:47.660681
"VectorVectorContainer"	ParallelInplace#12	"bn-human-BNU_1_0025919_session_1_200M.edges"	5033.6	1.65763e+09	2022-May-31 20:50:47.660770	2022-May-31 20:51:03.062614
"VectorVectorContainer"	ParallelInplace#12	"socfb-B-anon_20M.edges"	2398.81	1.73119e+09	2022-May-31 20:51:03.062693	2022-May-31 20:51:11.035962
"VectorVectorContainer"	ParallelInplace#12	"bn-human-Jung2015_M87110650_40M.edges"	1156.99	7.64922e+08	2022-May-31 20:51:11.038528	2022-May-31 20:51:14.636021
"VectorVectorContainer"	ParallelInplace#12	"bn-human-Jung2015_M87125286_210M.edges"	5069.9	1.72852e+09	2022-May-31 20:51:14.636103	2022-May-31 20:51:30.198973
"VectorVectorContainer"	ParallelInplace#12	"bn-human-Jung2015_M87124563_160M.edges"	3974.48	1.43264e+09	2022-May-31 20:51:30.199077	2022-May-31 20:51:42.393162
"VectorVectorContainer"	ParallelInplace#12	"bn-human-BNU_1_0025914_session_2_100M.edges"	2605.14	1.11361e+09	2022-May-31 20:51:42.393242	2022-May-31 20:51:50.412488
"VectorVectorContainer"	ParallelInplace#12	"bn-434k-16M.edges"	454.946	2.17092e+08	2022-May-31 20:51:50.415107	2022-May-31 20:51:51.843318
"VectorVectorContainer"	ParallelInplace#12	"tech-p2p-gnutella.mtx"	14.1693	2.51937e+07	2022-May-31 20:51:51.843412	2022-May-31 20:51:51.888720
"VectorVectorContainer"	ParallelInplace#12	"bn-1.8M-166M.edges"	4141.1	1.4758e+09	2022-May-31 20:51:51.888798	2022-May-31 20:52:04.586983
"VectorVectorContainer"	ParallelInplace#12	"bn-human-Jung2015_M87119472_60M.edges"	1586.45	8.91063e+08	2022-May-31 20:52:04.587056	2022-May-31 20:52:09.509847
"VectorVectorContainer"	ParallelInplace#12	"rgg_n_2_22_s0_30M.edges"	2112.08	2.01942e+09	2022-May-31 20:52:09.509938	2022-May-31 20:52:16.310505
"VectorVectorContainer"	ParallelInplace#16	"bn-human-BNU_1_0025889_session_2_130M.edges"	3211.24	1.46433e+09	2022-May-31 20:52:16.315117	2022-May-31 20:52:26.215502
"VectorVectorContainer"	ParallelInplace#16	"graph500-scale20-ef16_adj_30M.edges"	1924.64	5.56655e+08	2022-May-31 20:52:26.215583	2022-May-31 20:52:32.230289
"VectorVectorContainer"	ParallelInplace#16	"bn-human-Jung2015_M87118347_80M.edges"	1807.79	7.64022e+08	2022-May-31 20:52:32.233316	2022-May-31 20:52:37.763679
"VectorVectorContainer"	ParallelInplace#16	"socf-konect.edges"	CRASHED	CRASHED
"VectorVectorContainer"	ParallelInplace#16	"socfb-UIllinois20.mtx"	41.8443	2.43329e+07	2022-May-31 20:52:41.107018	2022-May-31 20:52:41.240948
"VectorVectorContainer"	ParallelInplace#16	"bn-human-BNU_1_0025913_session_2_180M.edges"	4382	1.74369e+09	2022-May-31 20:52:41.242179	2022-May-31 20:52:54.705931
"VectorVectorContainer"	ParallelInplace#16	"bn-human-BNU_1_0025916_session_1_110M.edges"	2741.68	1.30684e+09	2022-May-31 20:52:54.706029	2022-May-31 20:53:03.153911
"VectorVectorContainer"	ParallelInplace#16	"livejournal_160M.edges"	4351.49	2.03239e+09	2022-May-31 20:53:03.153990	2022-May-31 20:53:17.156524
"VectorVectorContainer"	ParallelInplace#16	"tech-ip.edges"	839.592	1.01533e+09	2022-May-31 20:53:17.156606	2022-May-31 20:53:19.901178
"VectorVectorContainer"	ParallelInplace#16	"bn-800-19k.edges"	4.86333	554116	2022-May-31 20:53:19.901278	2022-May-31 20:53:19.915942
"VectorVectorContainer"	ParallelInplace#16	"soc-wiki-Talk-dir.mtx"	392.287	8.28895e+08	2022-May-31 20:53:19.916026	2022-May-31 20:53:21.133655
"VectorVectorContainer"	ParallelInplace#16	"bn-human-Jung2015_M87101049_190M.edges"	4519.11	1.74363e+09	2022-May-31 20:53:21.133750	2022-May-31 20:53:34.996007
"VectorVectorContainer"	ParallelInplace#16	"soc-orkut_106M.edges"	7767.61	2.3989e+09	2022-May-31 20:53:34.996089	2022-May-31 20:54:00.592828
"VectorVectorContainer"	ParallelInplace#16	"socfb-uci-uni_90M.edges"	CRASHED	CRASHED
"VectorVectorContainer"	ParallelInplace#16	"soc-sinaweibo_260M.edges"	CRASHED	CRASHED
"VectorVectorContainer"	ParallelInplace#16	"bn-7k-50k.edges"	13.7657	3.46504e+06	2022-May-31 20:54:06.047795	2022-May-31 20:54:06.089795
"VectorVectorContainer"	ParallelInplace#16	"scc_fb-messages.mtx"	14.5113	4.07789e+06	2022-May-31 20:54:06.089907	2022-May-31 20:54:06.133580
"VectorVectorContainer"	ParallelInplace#16	"soc-orkut.edges"	2987.91	1.86558e+09	2022-May-31 20:54:06.133653	2022-May-31 20:54:15.716025
"VectorVectorContainer"	ParallelInplace#16	"bn-human-Jung2015_M87104509_50M.edges"	1316.48	9.92214e+08	2022-May-31 20:54:15.716103	2022-May-31 20:54:19.807689
"VectorVectorContainer"	ParallelInplace#16	"cit-patent1.edges"	1248.64	2.33907e+09	2022-May-31 20:54:19.807769	2022-May-31 20:54:23.700266
"VectorVectorContainer"	ParallelInplace#16	"bn-human-Jung2015_M87107781_70M.edges"	1783.23	9.79444e+08	2022-May-31 20:54:23.700360	2022-May-31 20:54:29.212862
"VectorVectorContainer"	ParallelInplace#16	"web-Stanford.mtx"	110.724	1.32595e+08	2022-May-31 20:54:29.212940	2022-May-31 20:54:29.565317
"VectorVectorContainer"	ParallelInplace#16	"bn-human-BNU_1_0025871_session_1-bg_170M.edges"	3960.2	1.69384e+09	2022-May-31 20:54:29.565414	2022-May-31 20:54:41.713725
"VectorVectorContainer"	ParallelInplace#16	"bn-human-BNU_1_0025876_session_2-bg_140M.edges"	3316.69	1.45401e+09	2022-May-31 20:54:41.713803	2022-May-31 20:54:51.917964
"VectorVectorContainer"	ParallelInplace#16	"bn-human-Jung2015_M87117093_120M.edges"	2995.18	1.37926e+09	2022-May-31 20:54:51.918043	2022-May-31 20:55:01.153911
"VectorVectorContainer"	ParallelInplace#16	"data_files.txt"	1.50467	9600	2022-May-31 20:55:01.153992	2022-May-31 20:55:01.158515
"VectorVectorContainer"	ParallelInplace#16	"hugetric-00010_10M.mtx"	2785.64	4.55981e+09	2022-May-31 20:55:01.158586	2022-May-31 20:55:10.180013
"VectorVectorContainer"	ParallelInplace#16	"datafiles_par.txt"	1.57267	9600	2022-May-31 20:55:10.180115	2022-May-31 20:55:10.184843
"VectorVectorContainer"	ParallelInplace#16	"bn-human-Jung2015_M87101705_200M.edges"	4774.02	1.8363e+09	2022-May-31 20:55:10.184913	2022-May-31 20:55:24.832281
"VectorVectorContainer"	ParallelInplace#16	"tech-as-skitter.mtx"	562.669	6.34202e+08	2022-May-31 20:55:24.834878	2022-May-31 20:55:26.648564
"VectorVectorContainer"	ParallelInplace#16	"socfb-Texas84.mtx"	47.9733	3.04206e+07	2022-May-31 20:55:26.648645	2022-May-31 20:55:26.805259
"VectorVectorContainer"	ParallelInplace#16	"soc-pokec.mtx"	813.167	6.63682e+08	2022-May-31 20:55:26.805390	2022-May-31 20:55:29.433710
"VectorVectorContainer"	ParallelInplace#16	"web-wikipedia2009.mtx"	495.727	8.26221e+08	2022-May-31 20:55:29.433790	2022-May-31 20:55:31.002408
"VectorVectorContainer"	ParallelInplace#16	"ca-hollywood-2009.edges"	1488.35	8.47225e+08	2022-May-31 20:55:31.002500	2022-May-31 20:55:35.660984
"VectorVectorContainer"	ParallelInplace#16	"soc-google-plus.txt"	92.5903	9.67754e+07	2022-May-31 20:55:35.661071	2022-May-31 20:55:35.961347
"VectorVectorContainer"	ParallelInplace#16	"tech-as-skitter_10M.mtx"	578.646	6.34202e+08	2022-May-31 20:55:35.961437	2022-May-31 20:55:37.827004
"VectorVectorContainer"	ParallelInplace#16	"soc-orkut-dir_120M.edges"	3000.01	1.44929e+09	2022-May-31 20:55:37.827093	2022-May-31 20:55:47.338095
"VectorVectorContainer"	ParallelInplace#16	"bn-human-Jung2015_M87110148_140M.edges"	3387.78	1.54088e+09	2022-May-31 20:55:47.340677	2022-May-31 20:55:57.780335
"VectorVectorContainer"	ParallelInplace#16	"bn-human-Jung2015_M87113878.edges"	2437.67	8.82843e+08	2022-May-31 20:55:57.780461	2022-May-31 20:56:05.203621
"VectorVectorContainer"	ParallelInplace#16	"bn-human-Jung2015_M87104201_190M.edges"	4486.88	1.79336e+09	2022-May-31 20:56:05.203701	2022-May-31 20:56:18.982286
"VectorVectorContainer"	ParallelInplace#16	"bn-100k-662k.edges"	43.0773	4.98389e+07	2022-May-31 20:56:18.982390	2022-May-31 20:56:19.118070
"VectorVectorContainer"	ParallelInplace#16	"bn-human-Jung2015_M87113679_60M.edges"	1620.17	1.04086e+09	2022-May-31 20:56:19.118258	2022-May-31 20:56:24.131571
"VectorVectorContainer"	ParallelInplace#16	"bn-65-1K.edges"	1.537	46788	2022-May-31 20:56:24.131652	2022-May-31 20:56:24.136280
"VectorVectorContainer"	ParallelInplace#16	"bn-human-Jung2015_M87104300_70M.edges"	1685.07	1.01026e+09	2022-May-31 20:56:24.136355	2022-May-31 20:56:29.354005
"VectorVectorContainer"	ParallelInplace#16	"ca-IMDB.edges"	174.728	2.14691e+08	2022-May-31 20:56:29.354082	2022-May-31 20:56:29.910035
"VectorVectorContainer"	ParallelInplace#16	"bn-34k-181k.edges"	13.0763	1.29794e+07	2022-May-31 20:56:29.910115	2022-May-31 20:56:29.950910
"VectorVectorContainer"	ParallelInplace#16	"data_files_test.txt"	0.78	9600	2022-May-31 20:56:29.950985	2022-May-31 20:56:29.953334
"VectorVectorContainer"	ParallelInplace#16	"bn-human-Jung2015_M87112427_170M.edges"	4083.64	1.68182e+09	2022-May-31 20:56:29.953403	2022-May-31 20:56:42.476478
"VectorVectorContainer"	ParallelInplace#16	"socfb-Michigan23.mtx"	42.594	2.35461e+07	2022-May-31 20:56:42.478689	2022-May-31 20:56:42.614634
"VectorVectorContainer"	ParallelInplace#16	"graph500-scale22-ef16_adj_130M.edges"	8530.63	2.16854e+09	2022-May-31 20:56:42.614819	2022-May-31 20:57:09.478319
"VectorVectorContainer"	ParallelInplace#16	"sc-ldoor_20M.edges"	865.906	6.5759e+08	2022-May-31 20:57:09.480831	2022-May-31 20:57:12.293253
"VectorVectorContainer"	ParallelInplace#16	"bn-human-Jung2015_M7101234.edges"	1472.64	6.02639e+08	2022-May-31 20:57:12.293353	2022-May-31 20:57:16.790159
"VectorVectorContainer"	ParallelInplace#16	"delaunay_n24_50M.edges"	6686.31	1.01771e+10	2022-May-31 20:57:16.790235	2022-May-31 20:57:38.021913
"VectorVectorContainer"	ParallelInplace#16	"bn-human-Jung2015_M87118465_180M.edges"	4297.53	1.67206e+09	2022-May-31 20:57:38.024966	2022-May-31 20:57:51.225509
"VectorVectorContainer"	ParallelInplace#16	"bn-human-BNU_1_0025869_session_2-bg_150M.edges"	3571.85	1.53628e+09	2022-May-31 20:57:51.225608	2022-May-31 20:58:02.206698
"VectorVectorContainer"	ParallelInplace#16	"web-uk-2005.mtx"	310.485	1.24183e+08	2022-May-31 20:58:02.206777	2022-May-31 20:58:03.174996
"VectorVectorContainer"	ParallelInplace#16	"soc-livejournal.mtx"	1458.34	1.7206e+09	2022-May-31 20:58:03.175096	2022-May-31 20:58:07.844907
"VectorVectorContainer"	ParallelInplace#16	"bn-human-Jung2015_M8703600.edges"	1415.99	1.02398e+09	2022-May-31 20:58:07.845004	2022-May-31 20:58:12.246692
"VectorVectorContainer"	ParallelInplace#16	"bn-human-BNU_1_0025868_session_1-bg_150M.edges"	3602.17	1.54243e+09	2022-May-31 20:58:12.246774	2022-May-31 20:58:23.323254
"VectorVectorContainer"	ParallelInplace#16	"bn-human-Jung2015_M87125334_40M.edges"	1166.86	9.80407e+08	2022-May-31 20:58:23.323333	2022-May-31 20:58:26.950320
"VectorVectorContainer"	ParallelInplace#16	"bn-human-Jung2015_M87116523_80M.edges"	1810.74	7.34833e+08	2022-May-31 20:58:26.950398	2022-May-31 20:58:32.460510
"VectorVectorContainer"	ParallelInplace#16	"bn-human-Jung2015_M87127677_210M.edges"	4951.9	1.90174e+09	2022-May-31 20:58:32.460592	2022-May-31 20:58:47.667133
"VectorVectorContainer"	ParallelInplace#16	"bn-449k-3.3M.edges"	218.679	2.42017e+08	2022-May-31 20:58:47.669970	2022-May-31 20:58:48.344739
"VectorVectorContainer"	ParallelInplace#16	"bn-human-BNU_1_0025919_session_1.edges"	4736.89	1.81333e+09	2022-May-31 20:58:48.344844	2022-May-31 20:59:02.905594
"VectorVectorContainer"	ParallelInplace#16	"testfile.txt"	1.54267	9600	2022-May-31 20:59:02.905680	2022-May-31 20:59:02.910314
"VectorVectorContainer"	ParallelInplace#16	"C2000-9.edges"	67.6083	1.12526e+07	2022-May-31 20:59:02.910383	2022-May-31 20:59:03.123753
"VectorVectorContainer"	ParallelInplace#16	"datafiles_seq.txt"	1.54833	9600	2022-May-31 20:59:03.123862	2022-May-31 20:59:03.128516
"VectorVectorContainer"	ParallelInplace#16	"bn-human-Jung2015_M87114342_90M.edges"	2260.4	1.30183e+09	2022-May-31 20:59:03.128593	2022-May-31 20:59:10.110636
"VectorVectorContainer"	ParallelInplace#16	"bn-human-BNU_1_0025919_session_1_200M.edges"	4775.79	1.81333e+09	2022-May-31 20:59:10.110715	2022-May-31 20:59:24.762755
"VectorVectorContainer"	ParallelInplace#16	"socfb-B-anon_20M.edges"	2485.46	1.99273e+09	2022-May-31 20:59:24.762841	2022-May-31 20:59:33.186038
"VectorVectorContainer"	ParallelInplace#16	"bn-human-Jung2015_M87110650_40M.edges"	1170.95	9.31665e+08	2022-May-31 20:59:33.186119	2022-May-31 20:59:36.824633
"VectorVectorContainer"	ParallelInplace#16	"bn-human-Jung2015_M87125286_210M.edges"	4948.5	1.88983e+09	2022-May-31 20:59:36.824713	2022-May-31 20:59:51.998015
"VectorVectorContainer"	ParallelInplace#16	"bn-human-Jung2015_M87124563_160M.edges"	3807.69	1.58816e+09	2022-May-31 20:59:52.000216	2022-May-31 21:00:03.699824
"VectorVectorContainer"	ParallelInplace#16	"bn-human-BNU_1_0025914_session_2_100M.edges"	2502.4	1.27652e+09	2022-May-31 21:00:03.702333	2022-May-31 21:00:11.447794
"VectorVectorContainer"	ParallelInplace#16	"bn-434k-16M.edges"	436.554	2.48364e+08	2022-May-31 21:00:11.447876	2022-May-31 21:00:12.823572
"VectorVectorContainer"	ParallelInplace#16	"tech-p2p-gnutella.mtx"	16.7953	3.28688e+07	2022-May-31 21:00:12.823672	2022-May-31 21:00:12.876957
"VectorVectorContainer"	ParallelInplace#16	"bn-1.8M-166M.edges"	3974.26	1.66125e+09	2022-May-31 21:00:12.877044	2022-May-31 21:00:25.064329
"VectorVectorContainer"	ParallelInplace#16	"bn-human-Jung2015_M87119472_60M.edges"	1555.58	1.06239e+09	2022-May-31 21:00:25.064410	2022-May-31 21:00:29.892569
"VectorVectorContainer"	ParallelInplace#16	"rgg_n_2_22_s0_30M.edges"	2301.82	2.74129e+09	2022-May-31 21:00:29.895118	2022-May-31 21:00:37.266854
